"index","category","attribute","option"
"1","BEDROOM > BEDROOM SETS","color","White"
"2","BEDROOM > BEDROOM SETS","color","Black"
"3","BEDROOM > BEDROOM SETS","color","Orange"
"4","BEDROOM > BEDROOM SETS","color","Maroon"
"5","BEDROOM > BEDROOM SETS","color","Red"
"6","BEDROOM > BEDROOM SETS","color","Yellow"
"7","BEDROOM > BEDROOM SETS","color","Lime green"
"8","BEDROOM > BEDROOM SETS","color","Salmon"
"9","BEDROOM > BEDROOM SETS","color","Green"
"10","BEDROOM > BEDROOM SETS","color","Sky blue"
"11","BEDROOM > BEDROOM SETS","color","Crimson"
"12","BEDROOM > BEDROOM SETS","color","Aqua"
"13","BEDROOM > BEDROOM SETS","color","Grey"
"14","BEDROOM > BEDROOM SETS","color","Purple"
"15","BEDROOM > BEDROOM SETS","color","Mustard"
"16","BEDROOM > BEDROOM SETS","color","Peach"
"17","BEDROOM > BEDROOM SETS","color","Violet"
"18","BEDROOM > BEDROOM SETS","color","Magenta"
"19","BEDROOM > BEDROOM SETS","color","Coral"
"20","BEDROOM > BEDROOM SETS","color","Saffron"
"21","BEDROOM > BEDROOM SETS","color","Brown"
"22","BEDROOM > BEDROOM SETS","color","Pink"
"23","BEDROOM > BEDROOM SETS","color","Tan"
"24","BEDROOM > BEDROOM SETS","color","Teal"
"25","BEDROOM > BEDROOM SETS","color","Navy Blue"
"26","BEDROOM > BEDROOM SETS","color","Turquoise"
"27","BEDROOM > BEDROOM SETS","color","Lavender"
"28","BEDROOM > BEDROOM SETS","color","Beige"
"29","BEDROOM > BEDROOM SETS","color","Lemon yellow"
"30","BEDROOM > BEDROOM SETS","color","Grape vine"
"31","BEDROOM > BEDROOM SETS","color","Indigo"
"32","BEDROOM > BEDROOM SETS","color","Fuchsia"
"33","BEDROOM > BEDROOM SETS","color","Amber"
"34","BEDROOM > BEDROOM SETS","color","Sea green"
"35","BEDROOM > BEDROOM SETS","color","Dark green"
"36","BEDROOM > BEDROOM SETS","color","Burgundy"
"37","BEDROOM > BEDROOM SETS","color","Charcoal"
"38","BEDROOM > BEDROOM SETS","color","Bronze"
"39","BEDROOM > BEDROOM SETS","color","Cream"
"40","BEDROOM > BEDROOM SETS","color","Mauve"
"41","BEDROOM > BEDROOM SETS","color","Olive"
"42","BEDROOM > BEDROOM SETS","color","Cyan"
"43","BEDROOM > BEDROOM SETS","color","Silver"
"44","BEDROOM > BEDROOM SETS","color","Rust"
"45","BEDROOM > BEDROOM SETS","color","Ruby"
"46","BEDROOM > BEDROOM SETS","color","Azure"
"47","BEDROOM > BEDROOM SETS","color","Mint"
"48","BEDROOM > BEDROOM SETS","color","Pearl"
"49","BEDROOM > BEDROOM SETS","color","Ivory"
"50","BEDROOM > BEDROOM SETS","color","Tangerine"
"51","BEDROOM > BEDROOM SETS","color","Cherry red"
"52","BEDROOM > BEDROOM SETS","color","Garnet"
"53","BEDROOM > BEDROOM SETS","color","Emerald"
"54","BEDROOM > BEDROOM SETS","color","Sapphire"
"55","BEDROOM > BEDROOM SETS","material","Plastic"
"56","BEDROOM > BEDROOM SETS","material","Metals"
"57","BEDROOM > BEDROOM SETS","material","Wood"
"58","BEDROOM > BEDROOM SETS","material","Paper"
"59","BEDROOM > BEDROOM SETS","material","Natural Textiles"
"60","BEDROOM > BEDROOM SETS","material","Synthetic Textiles"
"61","BEDROOM > BEDROOM SETS","material","Leather"
"62","BEDROOM > BEDROOM SETS","material","Fibers"
"63","BEDROOM > BEDROOM SETS","design","modern"
"64","BEDROOM > BEDROOM SETS","design","contemporary"
"65","BEDROOM > BEDROOM SETS","design","natural"
"66","BEDROOM > BEDROOM SETS","design","regular"
"67","BEDROOM > BEDS","color","White"
"68","BEDROOM > BEDS","color","Black"
"69","BEDROOM > BEDS","color","Orange"
"70","BEDROOM > BEDS","color","Maroon"
"71","BEDROOM > BEDS","color","Red"
"72","BEDROOM > BEDS","color","Yellow"
"73","BEDROOM > BEDS","color","Lime green"
"74","BEDROOM > BEDS","color","Salmon"
"75","BEDROOM > BEDS","color","Green"
"76","BEDROOM > BEDS","color","Sky blue"
"77","BEDROOM > BEDS","color","Crimson"
"78","BEDROOM > BEDS","color","Aqua"
"79","BEDROOM > BEDS","color","Grey"
"80","BEDROOM > BEDS","color","Purple"
"81","BEDROOM > BEDS","color","Mustard"
"82","BEDROOM > BEDS","color","Peach"
"83","BEDROOM > BEDS","color","Violet"
"84","BEDROOM > BEDS","color","Magenta"
"85","BEDROOM > BEDS","color","Coral"
"86","BEDROOM > BEDS","color","Saffron"
"87","BEDROOM > BEDS","color","Brown"
"88","BEDROOM > BEDS","color","Pink"
"89","BEDROOM > BEDS","color","Tan"
"90","BEDROOM > BEDS","color","Teal"
"91","BEDROOM > BEDS","color","Navy Blue"
"92","BEDROOM > BEDS","color","Turquoise"
"93","BEDROOM > BEDS","color","Lavender"
"94","BEDROOM > BEDS","color","Beige"
"95","BEDROOM > BEDS","color","Lemon yellow"
"96","BEDROOM > BEDS","color","Grape vine"
"97","BEDROOM > BEDS","color","Indigo"
"98","BEDROOM > BEDS","color","Fuchsia"
"99","BEDROOM > BEDS","color","Amber"
"100","BEDROOM > BEDS","color","Sea green"
"101","BEDROOM > BEDS","color","Dark green"
"102","BEDROOM > BEDS","color","Burgundy"
"103","BEDROOM > BEDS","color","Charcoal"
"104","BEDROOM > BEDS","color","Bronze"
"105","BEDROOM > BEDS","color","Cream"
"106","BEDROOM > BEDS","color","Mauve"
"107","BEDROOM > BEDS","color","Olive"
"108","BEDROOM > BEDS","color","Cyan"
"109","BEDROOM > BEDS","color","Silver"
"110","BEDROOM > BEDS","color","Rust"
"111","BEDROOM > BEDS","color","Ruby"
"112","BEDROOM > BEDS","color","Azure"
"113","BEDROOM > BEDS","color","Mint"
"114","BEDROOM > BEDS","color","Pearl"
"115","BEDROOM > BEDS","color","Ivory"
"116","BEDROOM > BEDS","color","Tangerine"
"117","BEDROOM > BEDS","color","Cherry red"
"118","BEDROOM > BEDS","color","Garnet"
"119","BEDROOM > BEDS","color","Emerald"
"120","BEDROOM > BEDS","color","Sapphire"
"121","BEDROOM > BEDS","material","Plastic"
"122","BEDROOM > BEDS","material","Metals"
"123","BEDROOM > BEDS","material","Wood"
"124","BEDROOM > BEDS","material","Paper"
"125","BEDROOM > BEDS","material","Natural Textiles"
"126","BEDROOM > BEDS","material","Synthetic Textiles"
"127","BEDROOM > BEDS","material","Leather"
"128","BEDROOM > BEDS","material","Fibers"
"129","BEDROOM > BEDS","design","modern"
"130","BEDROOM > BEDS","design","contemporary"
"131","BEDROOM > BEDS","design","natural"
"132","BEDROOM > BEDS","design","regular"
"133","BEDROOM > NIGHTSTAND","color","White"
"134","BEDROOM > NIGHTSTAND","color","Black"
"135","BEDROOM > NIGHTSTAND","color","Orange"
"136","BEDROOM > NIGHTSTAND","color","Maroon"
"137","BEDROOM > NIGHTSTAND","color","Red"
"138","BEDROOM > NIGHTSTAND","color","Yellow"
"139","BEDROOM > NIGHTSTAND","color","Lime green"
"140","BEDROOM > NIGHTSTAND","color","Salmon"
"141","BEDROOM > NIGHTSTAND","color","Green"
"142","BEDROOM > NIGHTSTAND","color","Sky blue"
"143","BEDROOM > NIGHTSTAND","color","Crimson"
"144","BEDROOM > NIGHTSTAND","color","Aqua"
"145","BEDROOM > NIGHTSTAND","color","Grey"
"146","BEDROOM > NIGHTSTAND","color","Purple"
"147","BEDROOM > NIGHTSTAND","color","Mustard"
"148","BEDROOM > NIGHTSTAND","color","Peach"
"149","BEDROOM > NIGHTSTAND","color","Violet"
"150","BEDROOM > NIGHTSTAND","color","Magenta"
"151","BEDROOM > NIGHTSTAND","color","Coral"
"152","BEDROOM > NIGHTSTAND","color","Saffron"
"153","BEDROOM > NIGHTSTAND","color","Brown"
"154","BEDROOM > NIGHTSTAND","color","Pink"
"155","BEDROOM > NIGHTSTAND","color","Tan"
"156","BEDROOM > NIGHTSTAND","color","Teal"
"157","BEDROOM > NIGHTSTAND","color","Navy Blue"
"158","BEDROOM > NIGHTSTAND","color","Turquoise"
"159","BEDROOM > NIGHTSTAND","color","Lavender"
"160","BEDROOM > NIGHTSTAND","color","Beige"
"161","BEDROOM > NIGHTSTAND","color","Lemon yellow"
"162","BEDROOM > NIGHTSTAND","color","Grape vine"
"163","BEDROOM > NIGHTSTAND","color","Indigo"
"164","BEDROOM > NIGHTSTAND","color","Fuchsia"
"165","BEDROOM > NIGHTSTAND","color","Amber"
"166","BEDROOM > NIGHTSTAND","color","Sea green"
"167","BEDROOM > NIGHTSTAND","color","Dark green"
"168","BEDROOM > NIGHTSTAND","color","Burgundy"
"169","BEDROOM > NIGHTSTAND","color","Charcoal"
"170","BEDROOM > NIGHTSTAND","color","Bronze"
"171","BEDROOM > NIGHTSTAND","color","Cream"
"172","BEDROOM > NIGHTSTAND","color","Mauve"
"173","BEDROOM > NIGHTSTAND","color","Olive"
"174","BEDROOM > NIGHTSTAND","color","Cyan"
"175","BEDROOM > NIGHTSTAND","color","Silver"
"176","BEDROOM > NIGHTSTAND","color","Rust"
"177","BEDROOM > NIGHTSTAND","color","Ruby"
"178","BEDROOM > NIGHTSTAND","color","Azure"
"179","BEDROOM > NIGHTSTAND","color","Mint"
"180","BEDROOM > NIGHTSTAND","color","Pearl"
"181","BEDROOM > NIGHTSTAND","color","Ivory"
"182","BEDROOM > NIGHTSTAND","color","Tangerine"
"183","BEDROOM > NIGHTSTAND","color","Cherry red"
"184","BEDROOM > NIGHTSTAND","color","Garnet"
"185","BEDROOM > NIGHTSTAND","color","Emerald"
"186","BEDROOM > NIGHTSTAND","color","Sapphire"
"187","BEDROOM > NIGHTSTAND","material","Plastic"
"188","BEDROOM > NIGHTSTAND","material","Metals"
"189","BEDROOM > NIGHTSTAND","material","Wood"
"190","BEDROOM > NIGHTSTAND","material","Paper"
"191","BEDROOM > NIGHTSTAND","material","Natural Textiles"
"192","BEDROOM > NIGHTSTAND","material","Synthetic Textiles"
"193","BEDROOM > NIGHTSTAND","material","Leather"
"194","BEDROOM > NIGHTSTAND","material","Fibers"
"195","BEDROOM > NIGHTSTAND","design","modern"
"196","BEDROOM > NIGHTSTAND","design","contemporary"
"197","BEDROOM > NIGHTSTAND","design","natural"
"198","BEDROOM > NIGHTSTAND","design","regular"
"199","BEDROOM > DRESSER","color","White"
"200","BEDROOM > DRESSER","color","Black"
"201","BEDROOM > DRESSER","color","Orange"
"202","BEDROOM > DRESSER","color","Maroon"
"203","BEDROOM > DRESSER","color","Red"
"204","BEDROOM > DRESSER","color","Yellow"
"205","BEDROOM > DRESSER","color","Lime green"
"206","BEDROOM > DRESSER","color","Salmon"
"207","BEDROOM > DRESSER","color","Green"
"208","BEDROOM > DRESSER","color","Sky blue"
"209","BEDROOM > DRESSER","color","Crimson"
"210","BEDROOM > DRESSER","color","Aqua"
"211","BEDROOM > DRESSER","color","Grey"
"212","BEDROOM > DRESSER","color","Purple"
"213","BEDROOM > DRESSER","color","Mustard"
"214","BEDROOM > DRESSER","color","Peach"
"215","BEDROOM > DRESSER","color","Violet"
"216","BEDROOM > DRESSER","color","Magenta"
"217","BEDROOM > DRESSER","color","Coral"
"218","BEDROOM > DRESSER","color","Saffron"
"219","BEDROOM > DRESSER","color","Brown"
"220","BEDROOM > DRESSER","color","Pink"
"221","BEDROOM > DRESSER","color","Tan"
"222","BEDROOM > DRESSER","color","Teal"
"223","BEDROOM > DRESSER","color","Navy Blue"
"224","BEDROOM > DRESSER","color","Turquoise"
"225","BEDROOM > DRESSER","color","Lavender"
"226","BEDROOM > DRESSER","color","Beige"
"227","BEDROOM > DRESSER","color","Lemon yellow"
"228","BEDROOM > DRESSER","color","Grape vine"
"229","BEDROOM > DRESSER","color","Indigo"
"230","BEDROOM > DRESSER","color","Fuchsia"
"231","BEDROOM > DRESSER","color","Amber"
"232","BEDROOM > DRESSER","color","Sea green"
"233","BEDROOM > DRESSER","color","Dark green"
"234","BEDROOM > DRESSER","color","Burgundy"
"235","BEDROOM > DRESSER","color","Charcoal"
"236","BEDROOM > DRESSER","color","Bronze"
"237","BEDROOM > DRESSER","color","Cream"
"238","BEDROOM > DRESSER","color","Mauve"
"239","BEDROOM > DRESSER","color","Olive"
"240","BEDROOM > DRESSER","color","Cyan"
"241","BEDROOM > DRESSER","color","Silver"
"242","BEDROOM > DRESSER","color","Rust"
"243","BEDROOM > DRESSER","color","Ruby"
"244","BEDROOM > DRESSER","color","Azure"
"245","BEDROOM > DRESSER","color","Mint"
"246","BEDROOM > DRESSER","color","Pearl"
"247","BEDROOM > DRESSER","color","Ivory"
"248","BEDROOM > DRESSER","color","Tangerine"
"249","BEDROOM > DRESSER","color","Cherry red"
"250","BEDROOM > DRESSER","color","Garnet"
"251","BEDROOM > DRESSER","color","Emerald"
"252","BEDROOM > DRESSER","color","Sapphire"
"253","BEDROOM > DRESSER","material","Plastic"
"254","BEDROOM > DRESSER","material","Metals"
"255","BEDROOM > DRESSER","material","Wood"
"256","BEDROOM > DRESSER","material","Paper"
"257","BEDROOM > DRESSER","material","Natural Textiles"
"258","BEDROOM > DRESSER","material","Synthetic Textiles"
"259","BEDROOM > DRESSER","material","Leather"
"260","BEDROOM > DRESSER","material","Fibers"
"261","BEDROOM > DRESSER","design","modern"
"262","BEDROOM > DRESSER","design","contemporary"
"263","BEDROOM > DRESSER","design","natural"
"264","BEDROOM > DRESSER","design","regular"
"265","BEDROOM > MIRRORS","color","White"
"266","BEDROOM > MIRRORS","color","Black"
"267","BEDROOM > MIRRORS","color","Orange"
"268","BEDROOM > MIRRORS","color","Maroon"
"269","BEDROOM > MIRRORS","color","Red"
"270","BEDROOM > MIRRORS","color","Yellow"
"271","BEDROOM > MIRRORS","color","Lime green"
"272","BEDROOM > MIRRORS","color","Salmon"
"273","BEDROOM > MIRRORS","color","Green"
"274","BEDROOM > MIRRORS","color","Sky blue"
"275","BEDROOM > MIRRORS","color","Crimson"
"276","BEDROOM > MIRRORS","color","Aqua"
"277","BEDROOM > MIRRORS","color","Grey"
"278","BEDROOM > MIRRORS","color","Purple"
"279","BEDROOM > MIRRORS","color","Mustard"
"280","BEDROOM > MIRRORS","color","Peach"
"281","BEDROOM > MIRRORS","color","Violet"
"282","BEDROOM > MIRRORS","color","Magenta"
"283","BEDROOM > MIRRORS","color","Coral"
"284","BEDROOM > MIRRORS","color","Saffron"
"285","BEDROOM > MIRRORS","color","Brown"
"286","BEDROOM > MIRRORS","color","Pink"
"287","BEDROOM > MIRRORS","color","Tan"
"288","BEDROOM > MIRRORS","color","Teal"
"289","BEDROOM > MIRRORS","color","Navy Blue"
"290","BEDROOM > MIRRORS","color","Turquoise"
"291","BEDROOM > MIRRORS","color","Lavender"
"292","BEDROOM > MIRRORS","color","Beige"
"293","BEDROOM > MIRRORS","color","Lemon yellow"
"294","BEDROOM > MIRRORS","color","Grape vine"
"295","BEDROOM > MIRRORS","color","Indigo"
"296","BEDROOM > MIRRORS","color","Fuchsia"
"297","BEDROOM > MIRRORS","color","Amber"
"298","BEDROOM > MIRRORS","color","Sea green"
"299","BEDROOM > MIRRORS","color","Dark green"
"300","BEDROOM > MIRRORS","color","Burgundy"
"301","BEDROOM > MIRRORS","color","Charcoal"
"302","BEDROOM > MIRRORS","color","Bronze"
"303","BEDROOM > MIRRORS","color","Cream"
"304","BEDROOM > MIRRORS","color","Mauve"
"305","BEDROOM > MIRRORS","color","Olive"
"306","BEDROOM > MIRRORS","color","Cyan"
"307","BEDROOM > MIRRORS","color","Silver"
"308","BEDROOM > MIRRORS","color","Rust"
"309","BEDROOM > MIRRORS","color","Ruby"
"310","BEDROOM > MIRRORS","color","Azure"
"311","BEDROOM > MIRRORS","color","Mint"
"312","BEDROOM > MIRRORS","color","Pearl"
"313","BEDROOM > MIRRORS","color","Ivory"
"314","BEDROOM > MIRRORS","color","Tangerine"
"315","BEDROOM > MIRRORS","color","Cherry red"
"316","BEDROOM > MIRRORS","color","Garnet"
"317","BEDROOM > MIRRORS","color","Emerald"
"318","BEDROOM > MIRRORS","color","Sapphire"
"319","BEDROOM > MIRRORS","material","Plastic"
"320","BEDROOM > MIRRORS","material","Metals"
"321","BEDROOM > MIRRORS","material","Wood"
"322","BEDROOM > MIRRORS","material","Paper"
"323","BEDROOM > MIRRORS","material","Natural Textiles"
"324","BEDROOM > MIRRORS","material","Synthetic Textiles"
"325","BEDROOM > MIRRORS","material","Leather"
"326","BEDROOM > MIRRORS","material","Fibers"
"327","BEDROOM > MIRRORS","design","modern"
"328","BEDROOM > MIRRORS","design","contemporary"
"329","BEDROOM > MIRRORS","design","natural"
"330","BEDROOM > MIRRORS","design","regular"
"331","BEDROOM > CUBBOARDS","color","White"
"332","BEDROOM > CUBBOARDS","color","Black"
"333","BEDROOM > CUBBOARDS","color","Orange"
"334","BEDROOM > CUBBOARDS","color","Maroon"
"335","BEDROOM > CUBBOARDS","color","Red"
"336","BEDROOM > CUBBOARDS","color","Yellow"
"337","BEDROOM > CUBBOARDS","color","Lime green"
"338","BEDROOM > CUBBOARDS","color","Salmon"
"339","BEDROOM > CUBBOARDS","color","Green"
"340","BEDROOM > CUBBOARDS","color","Sky blue"
"341","BEDROOM > CUBBOARDS","color","Crimson"
"342","BEDROOM > CUBBOARDS","color","Aqua"
"343","BEDROOM > CUBBOARDS","color","Grey"
"344","BEDROOM > CUBBOARDS","color","Purple"
"345","BEDROOM > CUBBOARDS","color","Mustard"
"346","BEDROOM > CUBBOARDS","color","Peach"
"347","BEDROOM > CUBBOARDS","color","Violet"
"348","BEDROOM > CUBBOARDS","color","Magenta"
"349","BEDROOM > CUBBOARDS","color","Coral"
"350","BEDROOM > CUBBOARDS","color","Saffron"
"351","BEDROOM > CUBBOARDS","color","Brown"
"352","BEDROOM > CUBBOARDS","color","Pink"
"353","BEDROOM > CUBBOARDS","color","Tan"
"354","BEDROOM > CUBBOARDS","color","Teal"
"355","BEDROOM > CUBBOARDS","color","Navy Blue"
"356","BEDROOM > CUBBOARDS","color","Turquoise"
"357","BEDROOM > CUBBOARDS","color","Lavender"
"358","BEDROOM > CUBBOARDS","color","Beige"
"359","BEDROOM > CUBBOARDS","color","Lemon yellow"
"360","BEDROOM > CUBBOARDS","color","Grape vine"
"361","BEDROOM > CUBBOARDS","color","Indigo"
"362","BEDROOM > CUBBOARDS","color","Fuchsia"
"363","BEDROOM > CUBBOARDS","color","Amber"
"364","BEDROOM > CUBBOARDS","color","Sea green"
"365","BEDROOM > CUBBOARDS","color","Dark green"
"366","BEDROOM > CUBBOARDS","color","Burgundy"
"367","BEDROOM > CUBBOARDS","color","Charcoal"
"368","BEDROOM > CUBBOARDS","color","Bronze"
"369","BEDROOM > CUBBOARDS","color","Cream"
"370","BEDROOM > CUBBOARDS","color","Mauve"
"371","BEDROOM > CUBBOARDS","color","Olive"
"372","BEDROOM > CUBBOARDS","color","Cyan"
"373","BEDROOM > CUBBOARDS","color","Silver"
"374","BEDROOM > CUBBOARDS","color","Rust"
"375","BEDROOM > CUBBOARDS","color","Ruby"
"376","BEDROOM > CUBBOARDS","color","Azure"
"377","BEDROOM > CUBBOARDS","color","Mint"
"378","BEDROOM > CUBBOARDS","color","Pearl"
"379","BEDROOM > CUBBOARDS","color","Ivory"
"380","BEDROOM > CUBBOARDS","color","Tangerine"
"381","BEDROOM > CUBBOARDS","color","Cherry red"
"382","BEDROOM > CUBBOARDS","color","Garnet"
"383","BEDROOM > CUBBOARDS","color","Emerald"
"384","BEDROOM > CUBBOARDS","color","Sapphire"
"385","BEDROOM > CUBBOARDS","material","Plastic"
"386","BEDROOM > CUBBOARDS","material","Metals"
"387","BEDROOM > CUBBOARDS","material","Wood"
"388","BEDROOM > CUBBOARDS","material","Paper"
"389","BEDROOM > CUBBOARDS","material","Natural Textiles"
"390","BEDROOM > CUBBOARDS","material","Synthetic Textiles"
"391","BEDROOM > CUBBOARDS","material","Leather"
"392","BEDROOM > CUBBOARDS","material","Fibers"
"393","BEDROOM > CUBBOARDS","design","modern"
"394","BEDROOM > CUBBOARDS","design","contemporary"
"395","BEDROOM > CUBBOARDS","design","natural"
"396","BEDROOM > CUBBOARDS","design","regular"
"397","BEDROOM > BENCHES","color","White"
"398","BEDROOM > BENCHES","color","Black"
"399","BEDROOM > BENCHES","color","Orange"
"400","BEDROOM > BENCHES","color","Maroon"
"401","BEDROOM > BENCHES","color","Red"
"402","BEDROOM > BENCHES","color","Yellow"
"403","BEDROOM > BENCHES","color","Lime green"
"404","BEDROOM > BENCHES","color","Salmon"
"405","BEDROOM > BENCHES","color","Green"
"406","BEDROOM > BENCHES","color","Sky blue"
"407","BEDROOM > BENCHES","color","Crimson"
"408","BEDROOM > BENCHES","color","Aqua"
"409","BEDROOM > BENCHES","color","Grey"
"410","BEDROOM > BENCHES","color","Purple"
"411","BEDROOM > BENCHES","color","Mustard"
"412","BEDROOM > BENCHES","color","Peach"
"413","BEDROOM > BENCHES","color","Violet"
"414","BEDROOM > BENCHES","color","Magenta"
"415","BEDROOM > BENCHES","color","Coral"
"416","BEDROOM > BENCHES","color","Saffron"
"417","BEDROOM > BENCHES","color","Brown"
"418","BEDROOM > BENCHES","color","Pink"
"419","BEDROOM > BENCHES","color","Tan"
"420","BEDROOM > BENCHES","color","Teal"
"421","BEDROOM > BENCHES","color","Navy Blue"
"422","BEDROOM > BENCHES","color","Turquoise"
"423","BEDROOM > BENCHES","color","Lavender"
"424","BEDROOM > BENCHES","color","Beige"
"425","BEDROOM > BENCHES","color","Lemon yellow"
"426","BEDROOM > BENCHES","color","Grape vine"
"427","BEDROOM > BENCHES","color","Indigo"
"428","BEDROOM > BENCHES","color","Fuchsia"
"429","BEDROOM > BENCHES","color","Amber"
"430","BEDROOM > BENCHES","color","Sea green"
"431","BEDROOM > BENCHES","color","Dark green"
"432","BEDROOM > BENCHES","color","Burgundy"
"433","BEDROOM > BENCHES","color","Charcoal"
"434","BEDROOM > BENCHES","color","Bronze"
"435","BEDROOM > BENCHES","color","Cream"
"436","BEDROOM > BENCHES","color","Mauve"
"437","BEDROOM > BENCHES","color","Olive"
"438","BEDROOM > BENCHES","color","Cyan"
"439","BEDROOM > BENCHES","color","Silver"
"440","BEDROOM > BENCHES","color","Rust"
"441","BEDROOM > BENCHES","color","Ruby"
"442","BEDROOM > BENCHES","color","Azure"
"443","BEDROOM > BENCHES","color","Mint"
"444","BEDROOM > BENCHES","color","Pearl"
"445","BEDROOM > BENCHES","color","Ivory"
"446","BEDROOM > BENCHES","color","Tangerine"
"447","BEDROOM > BENCHES","color","Cherry red"
"448","BEDROOM > BENCHES","color","Garnet"
"449","BEDROOM > BENCHES","color","Emerald"
"450","BEDROOM > BENCHES","color","Sapphire"
"451","BEDROOM > BENCHES","material","Plastic"
"452","BEDROOM > BENCHES","material","Metals"
"453","BEDROOM > BENCHES","material","Wood"
"454","BEDROOM > BENCHES","material","Paper"
"455","BEDROOM > BENCHES","material","Natural Textiles"
"456","BEDROOM > BENCHES","material","Synthetic Textiles"
"457","BEDROOM > BENCHES","material","Leather"
"458","BEDROOM > BENCHES","material","Fibers"
"459","BEDROOM > BENCHES","design","modern"
"460","BEDROOM > BENCHES","design","contemporary"
"461","BEDROOM > BENCHES","design","natural"
"462","BEDROOM > BENCHES","design","regular"
"463","LIVING ROOM > CHAIRS","color","White"
"464","LIVING ROOM > CHAIRS","color","Black"
"465","LIVING ROOM > CHAIRS","color","Orange"
"466","LIVING ROOM > CHAIRS","color","Maroon"
"467","LIVING ROOM > CHAIRS","color","Red"
"468","LIVING ROOM > CHAIRS","color","Yellow"
"469","LIVING ROOM > CHAIRS","color","Lime green"
"470","LIVING ROOM > CHAIRS","color","Salmon"
"471","LIVING ROOM > CHAIRS","color","Green"
"472","LIVING ROOM > CHAIRS","color","Sky blue"
"473","LIVING ROOM > CHAIRS","color","Crimson"
"474","LIVING ROOM > CHAIRS","color","Aqua"
"475","LIVING ROOM > CHAIRS","color","Grey"
"476","LIVING ROOM > CHAIRS","color","Purple"
"477","LIVING ROOM > CHAIRS","color","Mustard"
"478","LIVING ROOM > CHAIRS","color","Peach"
"479","LIVING ROOM > CHAIRS","color","Violet"
"480","LIVING ROOM > CHAIRS","color","Magenta"
"481","LIVING ROOM > CHAIRS","color","Coral"
"482","LIVING ROOM > CHAIRS","color","Saffron"
"483","LIVING ROOM > CHAIRS","color","Brown"
"484","LIVING ROOM > CHAIRS","color","Pink"
"485","LIVING ROOM > CHAIRS","color","Tan"
"486","LIVING ROOM > CHAIRS","color","Teal"
"487","LIVING ROOM > CHAIRS","color","Navy Blue"
"488","LIVING ROOM > CHAIRS","color","Turquoise"
"489","LIVING ROOM > CHAIRS","color","Lavender"
"490","LIVING ROOM > CHAIRS","color","Beige"
"491","LIVING ROOM > CHAIRS","color","Lemon yellow"
"492","LIVING ROOM > CHAIRS","color","Grape vine"
"493","LIVING ROOM > CHAIRS","color","Indigo"
"494","LIVING ROOM > CHAIRS","color","Fuchsia"
"495","LIVING ROOM > CHAIRS","color","Amber"
"496","LIVING ROOM > CHAIRS","color","Sea green"
"497","LIVING ROOM > CHAIRS","color","Dark green"
"498","LIVING ROOM > CHAIRS","color","Burgundy"
"499","LIVING ROOM > CHAIRS","color","Charcoal"
"500","LIVING ROOM > CHAIRS","color","Bronze"
"501","LIVING ROOM > CHAIRS","color","Cream"
"502","LIVING ROOM > CHAIRS","color","Mauve"
"503","LIVING ROOM > CHAIRS","color","Olive"
"504","LIVING ROOM > CHAIRS","color","Cyan"
"505","LIVING ROOM > CHAIRS","color","Silver"
"506","LIVING ROOM > CHAIRS","color","Rust"
"507","LIVING ROOM > CHAIRS","color","Ruby"
"508","LIVING ROOM > CHAIRS","color","Azure"
"509","LIVING ROOM > CHAIRS","color","Mint"
"510","LIVING ROOM > CHAIRS","color","Pearl"
"511","LIVING ROOM > CHAIRS","color","Ivory"
"512","LIVING ROOM > CHAIRS","color","Tangerine"
"513","LIVING ROOM > CHAIRS","color","Cherry red"
"514","LIVING ROOM > CHAIRS","color","Garnet"
"515","LIVING ROOM > CHAIRS","color","Emerald"
"516","LIVING ROOM > CHAIRS","color","Sapphire"
"517","LIVING ROOM > CHAIRS","material","Plastic"
"518","LIVING ROOM > CHAIRS","material","Metals"
"519","LIVING ROOM > CHAIRS","material","Wood"
"520","LIVING ROOM > CHAIRS","material","Paper"
"521","LIVING ROOM > CHAIRS","material","Natural Textiles"
"522","LIVING ROOM > CHAIRS","material","Synthetic Textiles"
"523","LIVING ROOM > CHAIRS","material","Leather"
"524","LIVING ROOM > CHAIRS","material","Fibers"
"525","LIVING ROOM > CHAIRS","design","modern"
"526","LIVING ROOM > CHAIRS","design","contemporary"
"527","LIVING ROOM > CHAIRS","design","natural"
"528","LIVING ROOM > CHAIRS","design","regular"
"529","LIVING ROOM > SOFAS","color","White"
"530","LIVING ROOM > SOFAS","color","Black"
"531","LIVING ROOM > SOFAS","color","Orange"
"532","LIVING ROOM > SOFAS","color","Maroon"
"533","LIVING ROOM > SOFAS","color","Red"
"534","LIVING ROOM > SOFAS","color","Yellow"
"535","LIVING ROOM > SOFAS","color","Lime green"
"536","LIVING ROOM > SOFAS","color","Salmon"
"537","LIVING ROOM > SOFAS","color","Green"
"538","LIVING ROOM > SOFAS","color","Sky blue"
"539","LIVING ROOM > SOFAS","color","Crimson"
"540","LIVING ROOM > SOFAS","color","Aqua"
"541","LIVING ROOM > SOFAS","color","Grey"
"542","LIVING ROOM > SOFAS","color","Purple"
"543","LIVING ROOM > SOFAS","color","Mustard"
"544","LIVING ROOM > SOFAS","color","Peach"
"545","LIVING ROOM > SOFAS","color","Violet"
"546","LIVING ROOM > SOFAS","color","Magenta"
"547","LIVING ROOM > SOFAS","color","Coral"
"548","LIVING ROOM > SOFAS","color","Saffron"
"549","LIVING ROOM > SOFAS","color","Brown"
"550","LIVING ROOM > SOFAS","color","Pink"
"551","LIVING ROOM > SOFAS","color","Tan"
"552","LIVING ROOM > SOFAS","color","Teal"
"553","LIVING ROOM > SOFAS","color","Navy Blue"
"554","LIVING ROOM > SOFAS","color","Turquoise"
"555","LIVING ROOM > SOFAS","color","Lavender"
"556","LIVING ROOM > SOFAS","color","Beige"
"557","LIVING ROOM > SOFAS","color","Lemon yellow"
"558","LIVING ROOM > SOFAS","color","Grape vine"
"559","LIVING ROOM > SOFAS","color","Indigo"
"560","LIVING ROOM > SOFAS","color","Fuchsia"
"561","LIVING ROOM > SOFAS","color","Amber"
"562","LIVING ROOM > SOFAS","color","Sea green"
"563","LIVING ROOM > SOFAS","color","Dark green"
"564","LIVING ROOM > SOFAS","color","Burgundy"
"565","LIVING ROOM > SOFAS","color","Charcoal"
"566","LIVING ROOM > SOFAS","color","Bronze"
"567","LIVING ROOM > SOFAS","color","Cream"
"568","LIVING ROOM > SOFAS","color","Mauve"
"569","LIVING ROOM > SOFAS","color","Olive"
"570","LIVING ROOM > SOFAS","color","Cyan"
"571","LIVING ROOM > SOFAS","color","Silver"
"572","LIVING ROOM > SOFAS","color","Rust"
"573","LIVING ROOM > SOFAS","color","Ruby"
"574","LIVING ROOM > SOFAS","color","Azure"
"575","LIVING ROOM > SOFAS","color","Mint"
"576","LIVING ROOM > SOFAS","color","Pearl"
"577","LIVING ROOM > SOFAS","color","Ivory"
"578","LIVING ROOM > SOFAS","color","Tangerine"
"579","LIVING ROOM > SOFAS","color","Cherry red"
"580","LIVING ROOM > SOFAS","color","Garnet"
"581","LIVING ROOM > SOFAS","color","Emerald"
"582","LIVING ROOM > SOFAS","color","Sapphire"
"583","LIVING ROOM > SOFAS","material","Plastic"
"584","LIVING ROOM > SOFAS","material","Metals"
"585","LIVING ROOM > SOFAS","material","Wood"
"586","LIVING ROOM > SOFAS","material","Paper"
"587","LIVING ROOM > SOFAS","material","Natural Textiles"
"588","LIVING ROOM > SOFAS","material","Synthetic Textiles"
"589","LIVING ROOM > SOFAS","material","Leather"
"590","LIVING ROOM > SOFAS","material","Fibers"
"591","LIVING ROOM > SOFAS","design","modern"
"592","LIVING ROOM > SOFAS","design","contemporary"
"593","LIVING ROOM > SOFAS","design","natural"
"594","LIVING ROOM > SOFAS","design","regular"
"595","LIVING ROOM > LOVESEATS","color","White"
"596","LIVING ROOM > LOVESEATS","color","Black"
"597","LIVING ROOM > LOVESEATS","color","Orange"
"598","LIVING ROOM > LOVESEATS","color","Maroon"
"599","LIVING ROOM > LOVESEATS","color","Red"
"600","LIVING ROOM > LOVESEATS","color","Yellow"
"601","LIVING ROOM > LOVESEATS","color","Lime green"
"602","LIVING ROOM > LOVESEATS","color","Salmon"
"603","LIVING ROOM > LOVESEATS","color","Green"
"604","LIVING ROOM > LOVESEATS","color","Sky blue"
"605","LIVING ROOM > LOVESEATS","color","Crimson"
"606","LIVING ROOM > LOVESEATS","color","Aqua"
"607","LIVING ROOM > LOVESEATS","color","Grey"
"608","LIVING ROOM > LOVESEATS","color","Purple"
"609","LIVING ROOM > LOVESEATS","color","Mustard"
"610","LIVING ROOM > LOVESEATS","color","Peach"
"611","LIVING ROOM > LOVESEATS","color","Violet"
"612","LIVING ROOM > LOVESEATS","color","Magenta"
"613","LIVING ROOM > LOVESEATS","color","Coral"
"614","LIVING ROOM > LOVESEATS","color","Saffron"
"615","LIVING ROOM > LOVESEATS","color","Brown"
"616","LIVING ROOM > LOVESEATS","color","Pink"
"617","LIVING ROOM > LOVESEATS","color","Tan"
"618","LIVING ROOM > LOVESEATS","color","Teal"
"619","LIVING ROOM > LOVESEATS","color","Navy Blue"
"620","LIVING ROOM > LOVESEATS","color","Turquoise"
"621","LIVING ROOM > LOVESEATS","color","Lavender"
"622","LIVING ROOM > LOVESEATS","color","Beige"
"623","LIVING ROOM > LOVESEATS","color","Lemon yellow"
"624","LIVING ROOM > LOVESEATS","color","Grape vine"
"625","LIVING ROOM > LOVESEATS","color","Indigo"
"626","LIVING ROOM > LOVESEATS","color","Fuchsia"
"627","LIVING ROOM > LOVESEATS","color","Amber"
"628","LIVING ROOM > LOVESEATS","color","Sea green"
"629","LIVING ROOM > LOVESEATS","color","Dark green"
"630","LIVING ROOM > LOVESEATS","color","Burgundy"
"631","LIVING ROOM > LOVESEATS","color","Charcoal"
"632","LIVING ROOM > LOVESEATS","color","Bronze"
"633","LIVING ROOM > LOVESEATS","color","Cream"
"634","LIVING ROOM > LOVESEATS","color","Mauve"
"635","LIVING ROOM > LOVESEATS","color","Olive"
"636","LIVING ROOM > LOVESEATS","color","Cyan"
"637","LIVING ROOM > LOVESEATS","color","Silver"
"638","LIVING ROOM > LOVESEATS","color","Rust"
"639","LIVING ROOM > LOVESEATS","color","Ruby"
"640","LIVING ROOM > LOVESEATS","color","Azure"
"641","LIVING ROOM > LOVESEATS","color","Mint"
"642","LIVING ROOM > LOVESEATS","color","Pearl"
"643","LIVING ROOM > LOVESEATS","color","Ivory"
"644","LIVING ROOM > LOVESEATS","color","Tangerine"
"645","LIVING ROOM > LOVESEATS","color","Cherry red"
"646","LIVING ROOM > LOVESEATS","color","Garnet"
"647","LIVING ROOM > LOVESEATS","color","Emerald"
"648","LIVING ROOM > LOVESEATS","color","Sapphire"
"649","LIVING ROOM > LOVESEATS","material","Plastic"
"650","LIVING ROOM > LOVESEATS","material","Metals"
"651","LIVING ROOM > LOVESEATS","material","Wood"
"652","LIVING ROOM > LOVESEATS","material","Paper"
"653","LIVING ROOM > LOVESEATS","material","Natural Textiles"
"654","LIVING ROOM > LOVESEATS","material","Synthetic Textiles"
"655","LIVING ROOM > LOVESEATS","material","Leather"
"656","LIVING ROOM > LOVESEATS","material","Fibers"
"657","LIVING ROOM > LOVESEATS","design","modern"
"658","LIVING ROOM > LOVESEATS","design","contemporary"
"659","LIVING ROOM > LOVESEATS","design","natural"
"660","LIVING ROOM > LOVESEATS","design","regular"
"661","LIVING ROOM > TABLES","color","White"
"662","LIVING ROOM > TABLES","color","Black"
"663","LIVING ROOM > TABLES","color","Orange"
"664","LIVING ROOM > TABLES","color","Maroon"
"665","LIVING ROOM > TABLES","color","Red"
"666","LIVING ROOM > TABLES","color","Yellow"
"667","LIVING ROOM > TABLES","color","Lime green"
"668","LIVING ROOM > TABLES","color","Salmon"
"669","LIVING ROOM > TABLES","color","Green"
"670","LIVING ROOM > TABLES","color","Sky blue"
"671","LIVING ROOM > TABLES","color","Crimson"
"672","LIVING ROOM > TABLES","color","Aqua"
"673","LIVING ROOM > TABLES","color","Grey"
"674","LIVING ROOM > TABLES","color","Purple"
"675","LIVING ROOM > TABLES","color","Mustard"
"676","LIVING ROOM > TABLES","color","Peach"
"677","LIVING ROOM > TABLES","color","Violet"
"678","LIVING ROOM > TABLES","color","Magenta"
"679","LIVING ROOM > TABLES","color","Coral"
"680","LIVING ROOM > TABLES","color","Saffron"
"681","LIVING ROOM > TABLES","color","Brown"
"682","LIVING ROOM > TABLES","color","Pink"
"683","LIVING ROOM > TABLES","color","Tan"
"684","LIVING ROOM > TABLES","color","Teal"
"685","LIVING ROOM > TABLES","color","Navy Blue"
"686","LIVING ROOM > TABLES","color","Turquoise"
"687","LIVING ROOM > TABLES","color","Lavender"
"688","LIVING ROOM > TABLES","color","Beige"
"689","LIVING ROOM > TABLES","color","Lemon yellow"
"690","LIVING ROOM > TABLES","color","Grape vine"
"691","LIVING ROOM > TABLES","color","Indigo"
"692","LIVING ROOM > TABLES","color","Fuchsia"
"693","LIVING ROOM > TABLES","color","Amber"
"694","LIVING ROOM > TABLES","color","Sea green"
"695","LIVING ROOM > TABLES","color","Dark green"
"696","LIVING ROOM > TABLES","color","Burgundy"
"697","LIVING ROOM > TABLES","color","Charcoal"
"698","LIVING ROOM > TABLES","color","Bronze"
"699","LIVING ROOM > TABLES","color","Cream"
"700","LIVING ROOM > TABLES","color","Mauve"
"701","LIVING ROOM > TABLES","color","Olive"
"702","LIVING ROOM > TABLES","color","Cyan"
"703","LIVING ROOM > TABLES","color","Silver"
"704","LIVING ROOM > TABLES","color","Rust"
"705","LIVING ROOM > TABLES","color","Ruby"
"706","LIVING ROOM > TABLES","color","Azure"
"707","LIVING ROOM > TABLES","color","Mint"
"708","LIVING ROOM > TABLES","color","Pearl"
"709","LIVING ROOM > TABLES","color","Ivory"
"710","LIVING ROOM > TABLES","color","Tangerine"
"711","LIVING ROOM > TABLES","color","Cherry red"
"712","LIVING ROOM > TABLES","color","Garnet"
"713","LIVING ROOM > TABLES","color","Emerald"
"714","LIVING ROOM > TABLES","color","Sapphire"
"715","LIVING ROOM > TABLES","material","Plastic"
"716","LIVING ROOM > TABLES","material","Metals"
"717","LIVING ROOM > TABLES","material","Wood"
"718","LIVING ROOM > TABLES","material","Paper"
"719","LIVING ROOM > TABLES","material","Natural Textiles"
"720","LIVING ROOM > TABLES","material","Synthetic Textiles"
"721","LIVING ROOM > TABLES","material","Leather"
"722","LIVING ROOM > TABLES","material","Fibers"
"723","LIVING ROOM > TABLES","design","modern"
"724","LIVING ROOM > TABLES","design","contemporary"
"725","LIVING ROOM > TABLES","design","natural"
"726","LIVING ROOM > TABLES","design","regular"
"727","LIVING ROOM > SECTIONALS","color","White"
"728","LIVING ROOM > SECTIONALS","color","Black"
"729","LIVING ROOM > SECTIONALS","color","Orange"
"730","LIVING ROOM > SECTIONALS","color","Maroon"
"731","LIVING ROOM > SECTIONALS","color","Red"
"732","LIVING ROOM > SECTIONALS","color","Yellow"
"733","LIVING ROOM > SECTIONALS","color","Lime green"
"734","LIVING ROOM > SECTIONALS","color","Salmon"
"735","LIVING ROOM > SECTIONALS","color","Green"
"736","LIVING ROOM > SECTIONALS","color","Sky blue"
"737","LIVING ROOM > SECTIONALS","color","Crimson"
"738","LIVING ROOM > SECTIONALS","color","Aqua"
"739","LIVING ROOM > SECTIONALS","color","Grey"
"740","LIVING ROOM > SECTIONALS","color","Purple"
"741","LIVING ROOM > SECTIONALS","color","Mustard"
"742","LIVING ROOM > SECTIONALS","color","Peach"
"743","LIVING ROOM > SECTIONALS","color","Violet"
"744","LIVING ROOM > SECTIONALS","color","Magenta"
"745","LIVING ROOM > SECTIONALS","color","Coral"
"746","LIVING ROOM > SECTIONALS","color","Saffron"
"747","LIVING ROOM > SECTIONALS","color","Brown"
"748","LIVING ROOM > SECTIONALS","color","Pink"
"749","LIVING ROOM > SECTIONALS","color","Tan"
"750","LIVING ROOM > SECTIONALS","color","Teal"
"751","LIVING ROOM > SECTIONALS","color","Navy Blue"
"752","LIVING ROOM > SECTIONALS","color","Turquoise"
"753","LIVING ROOM > SECTIONALS","color","Lavender"
"754","LIVING ROOM > SECTIONALS","color","Beige"
"755","LIVING ROOM > SECTIONALS","color","Lemon yellow"
"756","LIVING ROOM > SECTIONALS","color","Grape vine"
"757","LIVING ROOM > SECTIONALS","color","Indigo"
"758","LIVING ROOM > SECTIONALS","color","Fuchsia"
"759","LIVING ROOM > SECTIONALS","color","Amber"
"760","LIVING ROOM > SECTIONALS","color","Sea green"
"761","LIVING ROOM > SECTIONALS","color","Dark green"
"762","LIVING ROOM > SECTIONALS","color","Burgundy"
"763","LIVING ROOM > SECTIONALS","color","Charcoal"
"764","LIVING ROOM > SECTIONALS","color","Bronze"
"765","LIVING ROOM > SECTIONALS","color","Cream"
"766","LIVING ROOM > SECTIONALS","color","Mauve"
"767","LIVING ROOM > SECTIONALS","color","Olive"
"768","LIVING ROOM > SECTIONALS","color","Cyan"
"769","LIVING ROOM > SECTIONALS","color","Silver"
"770","LIVING ROOM > SECTIONALS","color","Rust"
"771","LIVING ROOM > SECTIONALS","color","Ruby"
"772","LIVING ROOM > SECTIONALS","color","Azure"
"773","LIVING ROOM > SECTIONALS","color","Mint"
"774","LIVING ROOM > SECTIONALS","color","Pearl"
"775","LIVING ROOM > SECTIONALS","color","Ivory"
"776","LIVING ROOM > SECTIONALS","color","Tangerine"
"777","LIVING ROOM > SECTIONALS","color","Cherry red"
"778","LIVING ROOM > SECTIONALS","color","Garnet"
"779","LIVING ROOM > SECTIONALS","color","Emerald"
"780","LIVING ROOM > SECTIONALS","color","Sapphire"
"781","LIVING ROOM > SECTIONALS","material","Plastic"
"782","LIVING ROOM > SECTIONALS","material","Metals"
"783","LIVING ROOM > SECTIONALS","material","Wood"
"784","LIVING ROOM > SECTIONALS","material","Paper"
"785","LIVING ROOM > SECTIONALS","material","Natural Textiles"
"786","LIVING ROOM > SECTIONALS","material","Synthetic Textiles"
"787","LIVING ROOM > SECTIONALS","material","Leather"
"788","LIVING ROOM > SECTIONALS","material","Fibers"
"789","LIVING ROOM > SECTIONALS","design","modern"
"790","LIVING ROOM > SECTIONALS","design","contemporary"
"791","LIVING ROOM > SECTIONALS","design","natural"
"792","LIVING ROOM > SECTIONALS","design","regular"
"793","LIVING ROOM > LIVING ROOM SETS","color","White"
"794","LIVING ROOM > LIVING ROOM SETS","color","Black"
"795","LIVING ROOM > LIVING ROOM SETS","color","Orange"
"796","LIVING ROOM > LIVING ROOM SETS","color","Maroon"
"797","LIVING ROOM > LIVING ROOM SETS","color","Red"
"798","LIVING ROOM > LIVING ROOM SETS","color","Yellow"
"799","LIVING ROOM > LIVING ROOM SETS","color","Lime green"
"800","LIVING ROOM > LIVING ROOM SETS","color","Salmon"
"801","LIVING ROOM > LIVING ROOM SETS","color","Green"
"802","LIVING ROOM > LIVING ROOM SETS","color","Sky blue"
"803","LIVING ROOM > LIVING ROOM SETS","color","Crimson"
"804","LIVING ROOM > LIVING ROOM SETS","color","Aqua"
"805","LIVING ROOM > LIVING ROOM SETS","color","Grey"
"806","LIVING ROOM > LIVING ROOM SETS","color","Purple"
"807","LIVING ROOM > LIVING ROOM SETS","color","Mustard"
"808","LIVING ROOM > LIVING ROOM SETS","color","Peach"
"809","LIVING ROOM > LIVING ROOM SETS","color","Violet"
"810","LIVING ROOM > LIVING ROOM SETS","color","Magenta"
"811","LIVING ROOM > LIVING ROOM SETS","color","Coral"
"812","LIVING ROOM > LIVING ROOM SETS","color","Saffron"
"813","LIVING ROOM > LIVING ROOM SETS","color","Brown"
"814","LIVING ROOM > LIVING ROOM SETS","color","Pink"
"815","LIVING ROOM > LIVING ROOM SETS","color","Tan"
"816","LIVING ROOM > LIVING ROOM SETS","color","Teal"
"817","LIVING ROOM > LIVING ROOM SETS","color","Navy Blue"
"818","LIVING ROOM > LIVING ROOM SETS","color","Turquoise"
"819","LIVING ROOM > LIVING ROOM SETS","color","Lavender"
"820","LIVING ROOM > LIVING ROOM SETS","color","Beige"
"821","LIVING ROOM > LIVING ROOM SETS","color","Lemon yellow"
"822","LIVING ROOM > LIVING ROOM SETS","color","Grape vine"
"823","LIVING ROOM > LIVING ROOM SETS","color","Indigo"
"824","LIVING ROOM > LIVING ROOM SETS","color","Fuchsia"
"825","LIVING ROOM > LIVING ROOM SETS","color","Amber"
"826","LIVING ROOM > LIVING ROOM SETS","color","Sea green"
"827","LIVING ROOM > LIVING ROOM SETS","color","Dark green"
"828","LIVING ROOM > LIVING ROOM SETS","color","Burgundy"
"829","LIVING ROOM > LIVING ROOM SETS","color","Charcoal"
"830","LIVING ROOM > LIVING ROOM SETS","color","Bronze"
"831","LIVING ROOM > LIVING ROOM SETS","color","Cream"
"832","LIVING ROOM > LIVING ROOM SETS","color","Mauve"
"833","LIVING ROOM > LIVING ROOM SETS","color","Olive"
"834","LIVING ROOM > LIVING ROOM SETS","color","Cyan"
"835","LIVING ROOM > LIVING ROOM SETS","color","Silver"
"836","LIVING ROOM > LIVING ROOM SETS","color","Rust"
"837","LIVING ROOM > LIVING ROOM SETS","color","Ruby"
"838","LIVING ROOM > LIVING ROOM SETS","color","Azure"
"839","LIVING ROOM > LIVING ROOM SETS","color","Mint"
"840","LIVING ROOM > LIVING ROOM SETS","color","Pearl"
"841","LIVING ROOM > LIVING ROOM SETS","color","Ivory"
"842","LIVING ROOM > LIVING ROOM SETS","color","Tangerine"
"843","LIVING ROOM > LIVING ROOM SETS","color","Cherry red"
"844","LIVING ROOM > LIVING ROOM SETS","color","Garnet"
"845","LIVING ROOM > LIVING ROOM SETS","color","Emerald"
"846","LIVING ROOM > LIVING ROOM SETS","color","Sapphire"
"847","LIVING ROOM > LIVING ROOM SETS","material","Plastic"
"848","LIVING ROOM > LIVING ROOM SETS","material","Metals"
"849","LIVING ROOM > LIVING ROOM SETS","material","Wood"
"850","LIVING ROOM > LIVING ROOM SETS","material","Paper"
"851","LIVING ROOM > LIVING ROOM SETS","material","Natural Textiles"
"852","LIVING ROOM > LIVING ROOM SETS","material","Synthetic Textiles"
"853","LIVING ROOM > LIVING ROOM SETS","material","Leather"
"854","LIVING ROOM > LIVING ROOM SETS","material","Fibers"
"855","LIVING ROOM > LIVING ROOM SETS","design","modern"
"856","LIVING ROOM > LIVING ROOM SETS","design","contemporary"
"857","LIVING ROOM > LIVING ROOM SETS","design","natural"
"858","LIVING ROOM > LIVING ROOM SETS","design","regular"
"859","OUTDOOR > TABLE","color","White"
"860","OUTDOOR > TABLE","color","Black"
"861","OUTDOOR > TABLE","color","Orange"
"862","OUTDOOR > TABLE","color","Maroon"
"863","OUTDOOR > TABLE","color","Red"
"864","OUTDOOR > TABLE","color","Yellow"
"865","OUTDOOR > TABLE","color","Lime green"
"866","OUTDOOR > TABLE","color","Salmon"
"867","OUTDOOR > TABLE","color","Green"
"868","OUTDOOR > TABLE","color","Sky blue"
"869","OUTDOOR > TABLE","color","Crimson"
"870","OUTDOOR > TABLE","color","Aqua"
"871","OUTDOOR > TABLE","color","Grey"
"872","OUTDOOR > TABLE","color","Purple"
"873","OUTDOOR > TABLE","color","Mustard"
"874","OUTDOOR > TABLE","color","Peach"
"875","OUTDOOR > TABLE","color","Violet"
"876","OUTDOOR > TABLE","color","Magenta"
"877","OUTDOOR > TABLE","color","Coral"
"878","OUTDOOR > TABLE","color","Saffron"
"879","OUTDOOR > TABLE","color","Brown"
"880","OUTDOOR > TABLE","color","Pink"
"881","OUTDOOR > TABLE","color","Tan"
"882","OUTDOOR > TABLE","color","Teal"
"883","OUTDOOR > TABLE","color","Navy Blue"
"884","OUTDOOR > TABLE","color","Turquoise"
"885","OUTDOOR > TABLE","color","Lavender"
"886","OUTDOOR > TABLE","color","Beige"
"887","OUTDOOR > TABLE","color","Lemon yellow"
"888","OUTDOOR > TABLE","color","Grape vine"
"889","OUTDOOR > TABLE","color","Indigo"
"890","OUTDOOR > TABLE","color","Fuchsia"
"891","OUTDOOR > TABLE","color","Amber"
"892","OUTDOOR > TABLE","color","Sea green"
"893","OUTDOOR > TABLE","color","Dark green"
"894","OUTDOOR > TABLE","color","Burgundy"
"895","OUTDOOR > TABLE","color","Charcoal"
"896","OUTDOOR > TABLE","color","Bronze"
"897","OUTDOOR > TABLE","color","Cream"
"898","OUTDOOR > TABLE","color","Mauve"
"899","OUTDOOR > TABLE","color","Olive"
"900","OUTDOOR > TABLE","color","Cyan"
"901","OUTDOOR > TABLE","color","Silver"
"902","OUTDOOR > TABLE","color","Rust"
"903","OUTDOOR > TABLE","color","Ruby"
"904","OUTDOOR > TABLE","color","Azure"
"905","OUTDOOR > TABLE","color","Mint"
"906","OUTDOOR > TABLE","color","Pearl"
"907","OUTDOOR > TABLE","color","Ivory"
"908","OUTDOOR > TABLE","color","Tangerine"
"909","OUTDOOR > TABLE","color","Cherry red"
"910","OUTDOOR > TABLE","color","Garnet"
"911","OUTDOOR > TABLE","color","Emerald"
"912","OUTDOOR > TABLE","color","Sapphire"
"913","OUTDOOR > TABLE","material","Plastic"
"914","OUTDOOR > TABLE","material","Metals"
"915","OUTDOOR > TABLE","material","Wood"
"916","OUTDOOR > TABLE","material","Paper"
"917","OUTDOOR > TABLE","material","Natural Textiles"
"918","OUTDOOR > TABLE","material","Synthetic Textiles"
"919","OUTDOOR > TABLE","material","Leather"
"920","OUTDOOR > TABLE","material","Fibers"
"921","OUTDOOR > TABLE","design","modern"
"922","OUTDOOR > TABLE","design","contemporary"
"923","OUTDOOR > TABLE","design","natural"
"924","OUTDOOR > TABLE","design","regular"
"925","OUTDOOR > CHAIR","color","White"
"926","OUTDOOR > CHAIR","color","Black"
"927","OUTDOOR > CHAIR","color","Orange"
"928","OUTDOOR > CHAIR","color","Maroon"
"929","OUTDOOR > CHAIR","color","Red"
"930","OUTDOOR > CHAIR","color","Yellow"
"931","OUTDOOR > CHAIR","color","Lime green"
"932","OUTDOOR > CHAIR","color","Salmon"
"933","OUTDOOR > CHAIR","color","Green"
"934","OUTDOOR > CHAIR","color","Sky blue"
"935","OUTDOOR > CHAIR","color","Crimson"
"936","OUTDOOR > CHAIR","color","Aqua"
"937","OUTDOOR > CHAIR","color","Grey"
"938","OUTDOOR > CHAIR","color","Purple"
"939","OUTDOOR > CHAIR","color","Mustard"
"940","OUTDOOR > CHAIR","color","Peach"
"941","OUTDOOR > CHAIR","color","Violet"
"942","OUTDOOR > CHAIR","color","Magenta"
"943","OUTDOOR > CHAIR","color","Coral"
"944","OUTDOOR > CHAIR","color","Saffron"
"945","OUTDOOR > CHAIR","color","Brown"
"946","OUTDOOR > CHAIR","color","Pink"
"947","OUTDOOR > CHAIR","color","Tan"
"948","OUTDOOR > CHAIR","color","Teal"
"949","OUTDOOR > CHAIR","color","Navy Blue"
"950","OUTDOOR > CHAIR","color","Turquoise"
"951","OUTDOOR > CHAIR","color","Lavender"
"952","OUTDOOR > CHAIR","color","Beige"
"953","OUTDOOR > CHAIR","color","Lemon yellow"
"954","OUTDOOR > CHAIR","color","Grape vine"
"955","OUTDOOR > CHAIR","color","Indigo"
"956","OUTDOOR > CHAIR","color","Fuchsia"
"957","OUTDOOR > CHAIR","color","Amber"
"958","OUTDOOR > CHAIR","color","Sea green"
"959","OUTDOOR > CHAIR","color","Dark green"
"960","OUTDOOR > CHAIR","color","Burgundy"
"961","OUTDOOR > CHAIR","color","Charcoal"
"962","OUTDOOR > CHAIR","color","Bronze"
"963","OUTDOOR > CHAIR","color","Cream"
"964","OUTDOOR > CHAIR","color","Mauve"
"965","OUTDOOR > CHAIR","color","Olive"
"966","OUTDOOR > CHAIR","color","Cyan"
"967","OUTDOOR > CHAIR","color","Silver"
"968","OUTDOOR > CHAIR","color","Rust"
"969","OUTDOOR > CHAIR","color","Ruby"
"970","OUTDOOR > CHAIR","color","Azure"
"971","OUTDOOR > CHAIR","color","Mint"
"972","OUTDOOR > CHAIR","color","Pearl"
"973","OUTDOOR > CHAIR","color","Ivory"
"974","OUTDOOR > CHAIR","color","Tangerine"
"975","OUTDOOR > CHAIR","color","Cherry red"
"976","OUTDOOR > CHAIR","color","Garnet"
"977","OUTDOOR > CHAIR","color","Emerald"
"978","OUTDOOR > CHAIR","color","Sapphire"
"979","OUTDOOR > CHAIR","material","Plastic"
"980","OUTDOOR > CHAIR","material","Metals"
"981","OUTDOOR > CHAIR","material","Wood"
"982","OUTDOOR > CHAIR","material","Paper"
"983","OUTDOOR > CHAIR","material","Natural Textiles"
"984","OUTDOOR > CHAIR","material","Synthetic Textiles"
"985","OUTDOOR > CHAIR","material","Leather"
"986","OUTDOOR > CHAIR","material","Fibers"
"987","OUTDOOR > CHAIR","design","modern"
"988","OUTDOOR > CHAIR","design","contemporary"
"989","OUTDOOR > CHAIR","design","natural"
"990","OUTDOOR > CHAIR","design","regular"
"991","OUTDOOR > SOFA","color","White"
"992","OUTDOOR > SOFA","color","Black"
"993","OUTDOOR > SOFA","color","Orange"
"994","OUTDOOR > SOFA","color","Maroon"
"995","OUTDOOR > SOFA","color","Red"
"996","OUTDOOR > SOFA","color","Yellow"
"997","OUTDOOR > SOFA","color","Lime green"
"998","OUTDOOR > SOFA","color","Salmon"
"999","OUTDOOR > SOFA","color","Green"
"1000","OUTDOOR > SOFA","color","Sky blue"
"1001","OUTDOOR > SOFA","color","Crimson"
"1002","OUTDOOR > SOFA","color","Aqua"
"1003","OUTDOOR > SOFA","color","Grey"
"1004","OUTDOOR > SOFA","color","Purple"
"1005","OUTDOOR > SOFA","color","Mustard"
"1006","OUTDOOR > SOFA","color","Peach"
"1007","OUTDOOR > SOFA","color","Violet"
"1008","OUTDOOR > SOFA","color","Magenta"
"1009","OUTDOOR > SOFA","color","Coral"
"1010","OUTDOOR > SOFA","color","Saffron"
"1011","OUTDOOR > SOFA","color","Brown"
"1012","OUTDOOR > SOFA","color","Pink"
"1013","OUTDOOR > SOFA","color","Tan"
"1014","OUTDOOR > SOFA","color","Teal"
"1015","OUTDOOR > SOFA","color","Navy Blue"
"1016","OUTDOOR > SOFA","color","Turquoise"
"1017","OUTDOOR > SOFA","color","Lavender"
"1018","OUTDOOR > SOFA","color","Beige"
"1019","OUTDOOR > SOFA","color","Lemon yellow"
"1020","OUTDOOR > SOFA","color","Grape vine"
"1021","OUTDOOR > SOFA","color","Indigo"
"1022","OUTDOOR > SOFA","color","Fuchsia"
"1023","OUTDOOR > SOFA","color","Amber"
"1024","OUTDOOR > SOFA","color","Sea green"
"1025","OUTDOOR > SOFA","color","Dark green"
"1026","OUTDOOR > SOFA","color","Burgundy"
"1027","OUTDOOR > SOFA","color","Charcoal"
"1028","OUTDOOR > SOFA","color","Bronze"
"1029","OUTDOOR > SOFA","color","Cream"
"1030","OUTDOOR > SOFA","color","Mauve"
"1031","OUTDOOR > SOFA","color","Olive"
"1032","OUTDOOR > SOFA","color","Cyan"
"1033","OUTDOOR > SOFA","color","Silver"
"1034","OUTDOOR > SOFA","color","Rust"
"1035","OUTDOOR > SOFA","color","Ruby"
"1036","OUTDOOR > SOFA","color","Azure"
"1037","OUTDOOR > SOFA","color","Mint"
"1038","OUTDOOR > SOFA","color","Pearl"
"1039","OUTDOOR > SOFA","color","Ivory"
"1040","OUTDOOR > SOFA","color","Tangerine"
"1041","OUTDOOR > SOFA","color","Cherry red"
"1042","OUTDOOR > SOFA","color","Garnet"
"1043","OUTDOOR > SOFA","color","Emerald"
"1044","OUTDOOR > SOFA","color","Sapphire"
"1045","OUTDOOR > SOFA","material","Plastic"
"1046","OUTDOOR > SOFA","material","Metals"
"1047","OUTDOOR > SOFA","material","Wood"
"1048","OUTDOOR > SOFA","material","Paper"
"1049","OUTDOOR > SOFA","material","Natural Textiles"
"1050","OUTDOOR > SOFA","material","Synthetic Textiles"
"1051","OUTDOOR > SOFA","material","Leather"
"1052","OUTDOOR > SOFA","material","Fibers"
"1053","OUTDOOR > SOFA","design","modern"
"1054","OUTDOOR > SOFA","design","contemporary"
"1055","OUTDOOR > SOFA","design","natural"
"1056","OUTDOOR > SOFA","design","regular"
"1057","OUTDOOR > OTTOMAN","color","White"
"1058","OUTDOOR > OTTOMAN","color","Black"
"1059","OUTDOOR > OTTOMAN","color","Orange"
"1060","OUTDOOR > OTTOMAN","color","Maroon"
"1061","OUTDOOR > OTTOMAN","color","Red"
"1062","OUTDOOR > OTTOMAN","color","Yellow"
"1063","OUTDOOR > OTTOMAN","color","Lime green"
"1064","OUTDOOR > OTTOMAN","color","Salmon"
"1065","OUTDOOR > OTTOMAN","color","Green"
"1066","OUTDOOR > OTTOMAN","color","Sky blue"
"1067","OUTDOOR > OTTOMAN","color","Crimson"
"1068","OUTDOOR > OTTOMAN","color","Aqua"
"1069","OUTDOOR > OTTOMAN","color","Grey"
"1070","OUTDOOR > OTTOMAN","color","Purple"
"1071","OUTDOOR > OTTOMAN","color","Mustard"
"1072","OUTDOOR > OTTOMAN","color","Peach"
"1073","OUTDOOR > OTTOMAN","color","Violet"
"1074","OUTDOOR > OTTOMAN","color","Magenta"
"1075","OUTDOOR > OTTOMAN","color","Coral"
"1076","OUTDOOR > OTTOMAN","color","Saffron"
"1077","OUTDOOR > OTTOMAN","color","Brown"
"1078","OUTDOOR > OTTOMAN","color","Pink"
"1079","OUTDOOR > OTTOMAN","color","Tan"
"1080","OUTDOOR > OTTOMAN","color","Teal"
"1081","OUTDOOR > OTTOMAN","color","Navy Blue"
"1082","OUTDOOR > OTTOMAN","color","Turquoise"
"1083","OUTDOOR > OTTOMAN","color","Lavender"
"1084","OUTDOOR > OTTOMAN","color","Beige"
"1085","OUTDOOR > OTTOMAN","color","Lemon yellow"
"1086","OUTDOOR > OTTOMAN","color","Grape vine"
"1087","OUTDOOR > OTTOMAN","color","Indigo"
"1088","OUTDOOR > OTTOMAN","color","Fuchsia"
"1089","OUTDOOR > OTTOMAN","color","Amber"
"1090","OUTDOOR > OTTOMAN","color","Sea green"
"1091","OUTDOOR > OTTOMAN","color","Dark green"
"1092","OUTDOOR > OTTOMAN","color","Burgundy"
"1093","OUTDOOR > OTTOMAN","color","Charcoal"
"1094","OUTDOOR > OTTOMAN","color","Bronze"
"1095","OUTDOOR > OTTOMAN","color","Cream"
"1096","OUTDOOR > OTTOMAN","color","Mauve"
"1097","OUTDOOR > OTTOMAN","color","Olive"
"1098","OUTDOOR > OTTOMAN","color","Cyan"
"1099","OUTDOOR > OTTOMAN","color","Silver"
"1100","OUTDOOR > OTTOMAN","color","Rust"
"1101","OUTDOOR > OTTOMAN","color","Ruby"
"1102","OUTDOOR > OTTOMAN","color","Azure"
"1103","OUTDOOR > OTTOMAN","color","Mint"
"1104","OUTDOOR > OTTOMAN","color","Pearl"
"1105","OUTDOOR > OTTOMAN","color","Ivory"
"1106","OUTDOOR > OTTOMAN","color","Tangerine"
"1107","OUTDOOR > OTTOMAN","color","Cherry red"
"1108","OUTDOOR > OTTOMAN","color","Garnet"
"1109","OUTDOOR > OTTOMAN","color","Emerald"
"1110","OUTDOOR > OTTOMAN","color","Sapphire"
"1111","OUTDOOR > OTTOMAN","material","Plastic"
"1112","OUTDOOR > OTTOMAN","material","Metals"
"1113","OUTDOOR > OTTOMAN","material","Wood"
"1114","OUTDOOR > OTTOMAN","material","Paper"
"1115","OUTDOOR > OTTOMAN","material","Natural Textiles"
"1116","OUTDOOR > OTTOMAN","material","Synthetic Textiles"
"1117","OUTDOOR > OTTOMAN","material","Leather"
"1118","OUTDOOR > OTTOMAN","material","Fibers"
"1119","OUTDOOR > OTTOMAN","design","modern"
"1120","OUTDOOR > OTTOMAN","design","contemporary"
"1121","OUTDOOR > OTTOMAN","design","natural"
"1122","OUTDOOR > OTTOMAN","design","regular"
